"","GA2_1","GA2_2","GA23_1","GA23_2","GA35_1","GA35_2","H1_1","H1_2","A3_1","A3_2","GA12_1","GA12_2","GA16_1","GA16_2","GA17D_1","GA17D_2","GA19_1","GA19_2","GA20_1","GA20_2","A2_1","A2_2","B1_1","B1_2","B2_1","B2_2","B3_1","B3_2","C1_1","C1_2","C2_1","C2_2","C3_1","C3_2","C4_1","C4_2","D1_1","D1_2","K1_1","K1_2"
"1",109,121,167,167,95,101,202,202,81,90,129,129,167,167,193,193,149,149,160,160,104,104,132,132,90,90,101,104,144,146,90,96,104,114,84,84,96,96,96,96
"2",109,121,167,167,95,101,202,202,90,90,129,129,167,167,193,193,149,149,160,160,104,104,132,132,90,90,101,104,144,146,90,96,108,108,84,90,96,96,96,96
"3",115,115,167,167,87,97,202,202,90,93,129,129,167,167,193,195,149,149,160,160,104,104,136,144,90,90,98,101,144,144,96,96,108,114,90,90,92,96,96,96
"4",115,121,167,167,95,101,202,202,90,93,129,129,167,167,195,195,149,149,152,160,104,104,132,136,90,90,95,101,144,144,96,96,104,110,84,87,96,96,96,96
"5",109,115,167,167,97,99,202,202,93,96,129,129,163,167,195,195,149,149,160,160,104,110,136,140,90,90,95,95,144,144,90,96,104,112,90,90,96,96,96,96
"6",111,115,167,167,93,97,202,202,90,93,129,129,163,167,195,195,149,149,152,160,104,110,132,132,90,90,95,101,144,146,90,90,104,112,90,90,96,96,96,96
"7",111,115,167,167,93,97,202,202,90,93,129,129,163,167,195,195,149,149,152,160,104,110,132,132,90,90,95,101,144,146,90,90,104,112,90,90,96,96,96,96
"8",115,115,167,167,85,93,202,202,90,90,129,129,163,167,195,195,149,149,160,160,104,104,132,136,90,90,95,101,144,146,90,96,104,112,90,90,94,94,96,96
"9",115,115,167,167,101,115,202,202,90,93,129,129,163,167,191,195,149,149,160,162,98,104,132,152,90,90,95,101,144,146,90,96,108,108,84,90,94,96,96,96
"10",109,115,167,169,97,101,202,202,81,90,119,129,167,167,193,195,149,149,160,160,104,104,128,136,90,90,101,101,144,144,96,96,104,108,84,90,92,96,96,96
"11",109,115,167,169,97,101,202,202,81,90,119,129,167,167,193,195,149,149,160,160,104,104,128,136,90,90,101,101,144,144,96,96,104,108,84,90,92,96,96,96
"12",115,115,167,167,89,99,202,202,81,90,129,129,167,167,195,195,149,149,160,160,104,110,132,136,90,90,95,101,144,146,90,96,114,114,84,90,96,96,96,96
"13",115,115,167,167,85,91,202,202,90,93,129,129,163,167,195,195,149,149,160,160,104,110,132,132,90,90,95,95,146,146,90,96,112,112,90,90,94,94,96,96
"14",111,115,167,171,95,97,202,202,93,93,129,129,167,167,191,195,149,149,152,160,110,110,132,132,88,88,98,98,144,148,90,96,104,110,90,90,96,96,96,96
"15",115,115,167,169,93,97,202,202,90,93,129,129,163,163,195,195,147,149,160,160,104,104,132,132,90,90,98,101,144,146,90,96,104,104,90,90,96,96,96,96
"16",109,115,167,169,99,101,202,202,90,90,129,129,167,167,195,195,149,149,160,172,104,104,132,132,90,90,98,104,144,144,90,90,108,114,90,90,96,96,96,96
"17",111,115,167,167,93,97,202,202,90,93,129,129,163,167,195,195,149,149,160,160,104,110,132,132,90,90,95,101,144,146,90,90,104,114,90,90,94,96,96,96
"18",111,115,167,167,93,97,202,202,90,93,129,129,163,167,195,195,149,149,152,160,104,110,132,132,90,90,95,101,144,144,90,90,104,114,90,90,94,96,96,96
"19",111,115,167,167,93,97,202,202,90,93,129,129,165,167,195,195,149,149,160,160,104,110,132,132,90,90,95,101,144,146,90,90,104,114,90,90,94,96,96,96
"20",111,115,167,167,93,97,202,202,90,93,129,129,167,167,195,195,149,149,152,160,104,110,132,132,90,90,95,95,146,146,90,90,104,114,90,90,94,96,96,96
"21",115,115,167,167,109,125,202,202,90,93,129,137,163,167,191,195,149,149,160,160,101,110,132,132,90,90,101,101,144,144,90,90,104,104,87,90,96,96,96,96
"22",115,115,167,167,109,125,202,202,90,93,129,129,163,167,191,195,149,149,160,160,101,110,132,132,90,90,101,101,144,144,90,96,104,104,90,90,96,96,96,96
"23",115,115,167,167,109,125,202,202,93,93,129,137,167,167,191,195,149,149,152,160,101,110,132,132,90,90,101,101,144,144,90,90,104,104,87,90,96,96,96,96
"24",115,115,167,167,99,111,202,202,93,96,129,129,167,167,195,195,147,149,160,160,104,104,136,140,90,90,98,101,146,146,96,96,108,108,84,90,96,104,96,96
"25",115,115,167,167,99,111,202,202,93,96,129,129,167,167,195,195,147,147,152,160,104,104,136,140,90,90,98,101,144,146,96,96,108,108,84,90,96,104,96,96
"26",119,119,167,167,97,97,202,202,90,90,129,129,167,167,195,195,147,147,152,160,107,107,132,144,90,90,98,101,144,144,90,96,104,104,84,84,96,96,96,96
"27",115,115,167,167,99,111,202,202,93,96,129,129,167,167,195,195,147,149,152,160,104,104,136,140,90,90,98,101,144,146,96,96,108,108,84,90,96,104,96,96
"28",115,115,167,167,99,111,202,202,93,96,129,129,167,167,195,195,147,149,160,160,104,104,136,140,90,90,98,101,144,146,96,96,108,108,84,90,96,104,96,96
"29",115,115,167,167,93,97,202,202,90,93,129,129,167,167,191,195,149,149,160,160,104,110,132,144,90,90,98,101,144,144,96,96,104,114,84,90,96,96,96,96
"30",111,119,167,169,93,111,202,202,90,90,129,131,167,167,191,195,149,149,152,160,104,110,132,144,90,90,95,98,144,144,96,96,108,112,90,90,94,96,96,96
"31",111,119,167,169,93,111,202,202,90,90,129,131,167,167,191,195,149,149,152,160,104,110,132,144,90,90,95,98,144,144,90,96,108,112,90,90,96,96,96,96
"32",111,119,167,169,93,111,202,202,90,90,129,131,167,167,191,195,149,149,152,160,104,110,132,144,90,90,98,98,144,144,90,96,108,112,90,90,96,96,96,96
"33",115,115,167,167,93,97,202,202,90,96,129,129,167,167,195,195,149,149,160,160,104,104,136,140,90,90,95,95,144,144,90,96,112,114,84,84,96,96,96,96
"34",109,115,167,167,93,97,202,202,93,96,129,129,167,167,191,195,149,149,160,160,104,104,136,136,90,90,95,95,144,144,90,96,104,114,84,90,96,96,96,96
"35",109,115,167,167,93,97,202,202,93,96,129,129,167,167,191,195,149,149,160,160,104,104,132,136,90,90,95,95,144,144,90,96,104,114,84,90,96,96,96,96
"36",109,115,167,167,93,97,202,202,93,96,129,129,167,167,191,195,149,149,160,160,104,104,132,136,90,90,95,95,144,144,90,96,104,114,84,90,96,96,96,96
"37",115,115,167,167,97,97,202,202,90,90,129,129,163,167,191,195,149,149,160,160,104,104,132,136,90,90,101,101,144,144,96,96,108,108,90,90,96,96,96,96
"38",115,115,167,167,97,97,202,202,90,90,129,129,163,167,191,195,149,149,160,162,104,104,132,136,90,90,98,104,144,144,96,96,104,108,90,90,96,96,96,96
"39",115,115,167,167,89,95,202,202,90,90,129,129,167,167,195,195,149,149,160,160,104,104,136,140,88,90,95,101,144,146,96,96,104,112,87,87,96,100,96,96
"40",115,115,169,169,93,93,202,202,93,93,129,129,167,167,195,195,149,149,160,160,104,110,132,140,90,90,95,101,144,144,90,96,104,112,84,90,96,96,96,96
"41",115,115,165,167,95,117,202,202,90,93,129,129,167,167,193,195,147,149,152,160,104,110,128,132,88,88,95,101,144,144,90,96,112,114,90,90,92,100,96,96
"42",115,115,165,169,87,99,202,202,90,93,129,129,167,167,193,195,149,149,152,160,104,110,128,132,88,88,95,101,144,144,90,96,112,114,90,90,92,100,96,96
"43",115,115,165,169,87,99,202,202,90,93,129,129,167,167,193,195,149,149,152,160,104,110,128,132,88,88,95,101,144,144,90,96,112,114,90,90,92,100,96,96
"44",113,115,165,167,87,101,202,202,93,93,129,129,167,167,193,193,149,149,160,160,104,104,128,144,88,90,101,101,144,144,90,96,114,116,90,90,96,100,96,96
"45",115,117,161,169,97,99,202,202,90,93,129,129,165,167,193,195,147,149,160,160,104,104,132,132,90,90,95,101,144,144,90,90,114,116,90,93,92,96,96,96
"46",115,115,161,169,97,97,202,202,90,93,129,129,167,167,195,195,149,149,160,160,104,104,136,136,90,90,95,101,144,148,90,96,114,114,90,93,96,96,96,96
"47",115,115,167,167,85,101,202,202,93,93,129,131,165,167,193,195,147,149,160,160,104,104,132,132,90,90,101,101,144,144,90,96,104,108,90,93,92,96,96,96
"48",115,115,167,167,93,103,202,202,93,93,129,129,165,167,193,195,149,149,160,160,104,104,132,140,90,90,101,101,144,144,90,96,104,106,90,93,92,96,96,96
"49",115,115,155,169,97,103,202,202,93,93,129,131,165,167,193,195,149,149,160,160,104,104,132,132,90,90,101,101,144,144,90,96,104,108,90,93,92,96,96,96
"50",113,115,161,167,97,137,202,202,90,93,129,129,165,167,195,195,147,149,152,160,104,110,132,144,90,90,95,101,144,144,90,90,104,114,84,99,96,100,96,96
"51",115,115,167,169,85,95,202,202,90,93,129,129,167,167,193,195,149,149,160,160,104,104,136,140,90,90,101,101,144,144,90,96,104,112,90,93,96,100,96,96
"52",115,115,167,167,87,95,202,202,90,93,129,129,167,167,193,195,149,149,160,160,104,104,136,140,90,90,101,101,144,144,90,96,104,112,90,93,96,100,96,96
"53",115,115,165,167,95,117,202,202,90,93,129,129,167,167,193,195,149,149,160,160,104,104,140,140,90,90,101,101,144,144,90,96,104,112,90,93,96,100,96,96
"54",115,115,167,167,95,97,202,202,90,93,129,129,167,167,193,195,149,149,160,160,104,104,136,140,90,90,101,101,144,144,90,96,104,112,90,93,96,100,96,96
"55",115,117,169,169,97,103,202,202,90,93,129,129,167,167,193,195,149,149,160,160,104,104,136,140,90,90,101,101,144,144,90,96,104,112,90,93,96,100,96,96
"56",115,115,167,167,89,99,202,202,90,90,127,129,167,169,195,195,149,149,152,152,104,104,132,140,90,90,101,101,144,144,90,96,104,108,90,93,96,100,96,96
"57",115,115,161,169,91,95,202,202,90,90,129,129,163,167,195,195,147,149,160,160,104,104,136,140,90,90,95,101,144,146,90,96,104,106,93,96,96,98,96,96
"58",115,115,155,167,93,93,202,202,93,102,127,129,167,167,195,195,149,149,152,160,104,110,128,132,90,90,95,101,142,144,96,96,108,114,90,93,96,100,96,96
"59",115,115,167,167,85,101,202,202,90,90,127,129,167,169,195,195,149,149,152,152,104,104,132,140,90,90,101,101,144,144,90,96,104,108,90,93,96,100,96,96
"60",115,115,167,167,93,103,202,202,90,93,129,129,167,167,195,197,149,149,152,160,104,104,132,132,90,90,101,113,144,144,96,96,104,114,90,93,96,100,96,96
"61",115,115,167,169,87,99,202,202,90,93,129,129,165,167,195,195,149,149,160,160,104,104,132,136,90,90,95,95,144,144,96,96,104,106,90,90,96,100,96,96
"62",113,115,167,169,89,99,202,202,90,93,129,129,165,167,195,195,149,149,160,160,104,104,132,136,90,90,95,95,144,144,96,96,104,106,90,90,96,100,96,96
"63",115,115,167,169,85,95,202,202,90,93,129,129,167,169,193,193,147,149,160,160,104,104,132,140,90,90,101,101,144,144,90,90,114,116,90,93,96,98,96,96
"64",115,115,167,167,87,95,202,202,90,90,129,129,165,167,193,195,147,149,152,160,104,104,128,140,90,92,95,101,142,146,90,90,108,108,90,90,94,96,96,96
"65",115,115,165,167,95,117,202,202,90,90,129,129,165,167,193,195,147,149,152,160,104,104,128,140,90,92,95,101,142,146,90,90,108,108,90,90,94,96,96,96
"66",111,115,167,169,99,109,202,202,90,90,129,129,167,167,195,195,147,149,160,160,104,104,128,136,90,90,95,95,144,144,96,96,106,108,87,90,96,96,96,96
"67",117,123,167,169,97,101,198,202,90,93,129,129,167,167,193,193,147,149,152,160,104,104,132,136,90,90,95,101,144,146,96,96,102,114,90,96,96,96,96,96
"68",115,117,169,171,85,97,202,202,90,93,129,129,167,167,195,195,147,149,152,160,104,110,144,144,90,90,95,95,144,144,94,96,104,108,90,90,96,108,96,96
"69",109,115,169,169,93,95,202,202,90,93,129,131,167,167,189,195,147,149,160,160,104,110,132,140,90,90,95,101,144,148,96,96,104,104,90,93,88,98,96,98
"70",115,115,155,169,97,103,202,202,93,93,129,129,167,167,195,197,149,149,160,160,104,110,132,144,90,90,95,101,144,144,96,96,108,108,90,96,92,100,96,96
"71",115,115,167,167,85,101,202,202,90,93,129,129,167,171,195,195,147,149,152,160,104,104,136,136,90,90,95,101,144,144,94,96,106,106,90,96,98,108,96,96
"72",113,115,167,169,97,123,202,202,102,102,129,129,167,167,195,195,149,149,160,160,104,104,136,140,90,90,101,101,144,144,90,96,106,106,90,90,96,108,96,96
"73",115,115,161,167,89,99,202,206,90,93,129,129,167,167,195,195,147,149,152,160,104,104,136,140,90,90,101,101,144,144,94,96,104,108,90,90,96,108,96,96
"74",115,115,155,167,89,99,202,202,90,93,129,129,167,167,195,195,147,149,152,160,104,104,136,140,90,90,101,101,144,144,94,96,104,108,90,90,96,108,96,96
"75",115,115,167,169,95,107,202,202,90,93,129,129,167,167,195,195,147,147,160,160,104,104,136,140,90,90,101,101,144,144,94,96,104,108,90,90,96,108,96,96
"76",115,115,167,167,93,101,202,202,90,93,129,129,167,167,195,195,149,149,152,152,104,104,136,136,90,90,101,101,144,144,94,96,104,108,90,90,96,108,96,96
"77",115,115,169,169,95,123,202,202,93,96,129,129,165,167,195,195,147,149,160,160,104,104,132,132,90,90,95,101,144,144,96,96,104,116,84,93,92,100,96,96
"78",113,115,167,169,89,99,202,202,93,93,129,129,165,167,191,193,147,147,160,160,104,104,132,132,90,90,95,101,142,144,90,96,104,104,84,99,92,100,96,96
"79",113,115,169,169,99,123,202,202,90,93,129,129,165,165,193,193,147,149,160,160,104,104,132,132,90,90,101,101,144,144,90,90,104,116,90,99,96,100,96,96
"80",113,115,167,169,89,99,202,202,93,93,129,129,165,167,191,193,147,147,160,160,104,104,132,132,90,90,95,101,142,144,90,96,104,104,84,99,92,100,96,96
"81",115,115,169,171,93,107,202,202,93,96,129,129,165,167,195,195,149,149,160,160,92,104,132,136,90,90,95,101,144,146,90,96,104,110,90,90,92,100,96,96
"82",115,115,169,171,93,107,202,202,93,96,129,129,165,167,195,195,149,149,160,160,92,104,132,136,90,90,95,101,144,146,90,96,104,108,90,96,92,100,96,96
"83",115,115,169,171,93,107,202,202,93,96,129,129,165,167,195,195,149,149,160,160,92,104,132,136,90,90,95,101,144,146,90,96,104,108,90,96,92,100,96,96
"84",115,115,155,167,99,123,202,202,87,90,129,129,165,167,195,195,147,149,152,160,104,110,136,136,90,90,95,101,144,144,90,96,104,116,87,90,96,100,96,96
"85",115,115,155,169,93,101,202,202,90,90,129,129,163,167,193,195,149,149,160,160,104,110,136,136,88,90,95,101,144,144,96,96,104,114,90,90,96,96,96,96
"86",115,115,155,169,93,101,202,202,90,90,129,129,163,167,193,195,149,149,160,160,104,110,136,136,88,90,95,101,144,144,96,96,104,114,90,90,96,96,96,96
"87",115,115,155,169,93,101,202,202,90,90,129,129,163,167,193,195,149,149,160,160,104,110,136,136,88,90,95,101,144,144,96,96,104,114,90,90,96,96,96,96
"88",111,115,155,167,99,123,202,202,87,90,129,129,165,167,195,195,147,149,152,160,104,110,136,136,90,90,95,101,144,144,90,96,104,116,87,90,96,100,96,96
"89",111,115,155,167,99,123,202,202,87,90,129,129,165,167,195,195,147,149,152,160,104,110,136,136,90,90,95,101,144,144,90,96,104,116,87,90,96,100,96,96
"90",115,115,155,167,99,123,202,202,87,90,129,129,165,167,195,195,147,149,152,160,104,110,136,136,90,90,95,101,144,144,90,96,104,116,87,90,96,100,96,96
"91",115,115,155,169,93,101,202,202,90,90,129,129,163,167,193,195,149,149,160,160,104,110,136,136,88,90,95,101,144,144,96,96,104,114,90,90,96,96,96,96
"92",115,115,155,169,93,101,202,202,90,90,129,129,163,167,193,195,149,149,160,160,104,110,136,136,88,90,95,101,144,144,96,96,104,114,90,90,96,96,96,96
"93",115,115,155,169,93,101,202,202,90,90,129,129,163,167,193,195,149,149,160,160,104,110,136,136,88,90,95,101,144,144,96,96,104,114,90,90,96,96,96,96
"94",115,115,155,155,95,123,202,202,90,93,129,129,165,169,193,195,149,149,150,154,92,104,136,140,88,90,95,95,144,144,90,96,104,114,90,90,96,96,96,96
"95",115,115,155,155,95,123,202,202,90,93,129,129,165,169,193,195,149,149,150,154,92,104,136,140,88,90,95,95,144,144,90,96,104,114,90,90,96,96,96,96
"96",115,115,155,155,95,123,202,202,90,93,129,129,165,169,193,195,149,149,150,154,92,104,136,140,88,90,95,95,144,144,90,96,104,114,90,90,96,96,96,96
"97",115,115,155,155,95,123,202,202,90,93,129,129,165,169,193,195,149,149,150,154,92,104,136,140,88,90,95,95,144,144,90,96,104,114,90,90,96,96,96,96
"98",109,111,167,167,97,135,202,202,90,90,129,129,165,165,191,195,147,149,160,160,101,104,136,136,88,90,95,95,144,144,96,96,104,114,90,90,96,96,96,96
"99",109,111,167,167,97,135,202,202,90,90,129,129,165,165,191,195,147,149,160,160,101,104,136,136,88,90,95,95,144,144,96,96,104,114,90,90,96,96,96,96
"100",109,111,167,167,97,137,202,202,90,90,129,129,165,165,191,195,147,149,160,160,101,104,136,136,88,90,95,95,144,144,96,96,104,114,90,90,96,96,96,96
"101",109,111,167,167,97,137,202,202,90,90,129,129,165,165,191,195,147,149,160,160,101,104,136,136,88,90,95,95,144,144,96,96,104,114,90,90,96,96,96,96
"102",109,115,167,169,89,95,202,202,90,93,129,129,167,167,191,195,149,149,160,160,101,101,132,136,88,88,95,101,144,146,90,96,104,104,90,93,96,96,96,96
"103",109,115,155,169,109,123,202,202,90,90,129,129,167,169,195,195,149,149,150,160,101,104,136,136,90,90,95,101,144,146,90,96,114,114,87,90,92,96,96,96
"104",109,115,165,167,95,103,202,202,90,93,129,129,165,167,191,195,147,149,160,160,104,104,136,136,88,92,95,95,144,144,90,96,104,114,84,90,96,96,96,96
"105",115,115,167,167,95,113,202,202,90,93,129,129,167,167,193,195,149,149,154,154,101,104,136,136,88,92,95,95,144,144,90,96,104,114,84,90,96,96,96,96
"106",115,115,167,167,95,113,202,202,90,93,129,129,167,167,193,195,149,149,154,154,101,104,136,140,88,92,95,95,144,144,90,96,104,114,84,90,96,96,96,96
"107",115,115,167,167,95,113,202,202,90,93,129,129,167,167,195,195,149,149,154,154,101,104,136,140,88,92,95,95,144,144,90,96,104,114,84,90,96,96,96,96
"108",115,115,167,167,95,113,202,202,90,93,129,129,167,167,193,195,149,149,154,154,101,104,136,140,88,92,95,95,144,144,90,96,104,114,84,90,96,96,96,96
"109",111,115,155,167,95,95,202,202,90,96,129,129,165,167,193,195,149,149,154,158,104,104,136,136,88,90,95,95,144,144,96,96,104,104,90,90,96,96,96,96
"110",115,115,155,167,95,105,202,202,90,93,129,129,165,169,193,195,149,149,150,154,92,110,136,140,90,90,95,95,144,144,90,90,104,126,90,93,96,96,96,96
"111",115,115,155,167,95,105,202,202,90,93,129,129,165,169,193,195,149,149,150,154,92,110,136,140,90,90,95,95,144,144,90,90,104,126,90,93,96,96,96,96
"112",111,115,167,169,89,95,202,202,90,93,129,129,165,167,193,195,149,149,154,158,104,104,136,140,88,88,101,101,142,144,90,96,104,104,90,90,96,96,96,96
"113",111,115,155,167,95,95,202,202,90,96,129,129,165,167,193,195,149,149,154,158,104,104,136,136,88,90,95,95,144,144,96,96,104,104,90,90,96,96,96,96
"114",109,115,167,167,97,105,202,202,90,93,129,129,165,165,195,195,149,149,154,160,101,110,136,140,88,90,95,101,144,144,90,90,104,126,90,93,92,96,92,96
"115",109,115,167,167,97,105,202,202,90,93,129,129,165,165,195,195,149,149,154,160,101,110,136,140,88,90,95,101,144,144,90,90,104,126,90,93,92,96,92,96
"116",109,115,167,167,97,105,202,202,90,93,129,129,165,165,195,195,149,149,154,160,101,110,136,140,88,90,95,101,144,144,90,90,126,126,90,93,92,96,92,96
"117",109,115,167,167,97,105,202,202,90,93,129,129,165,165,195,195,149,149,154,160,101,110,136,140,88,90,95,101,144,144,90,90,104,126,90,93,92,96,96,96
"118",109,115,167,167,97,105,202,202,90,93,129,129,165,165,195,195,149,149,154,160,101,110,136,140,88,90,95,101,144,144,90,90,104,126,90,93,92,96,92,96
"119",111,115,167,167,97,133,202,202,90,90,129,129,167,169,193,195,149,149,160,160,104,110,132,136,88,88,95,101,144,144,90,96,102,104,90,90,96,96,96,96
"120",111,115,167,167,97,133,202,202,90,90,129,129,167,169,193,195,149,149,160,160,104,110,132,136,88,88,95,101,144,144,90,96,102,104,90,90,96,96,96,96
"121",111,115,167,167,97,133,202,202,90,90,129,129,167,169,193,195,149,149,160,160,104,110,132,136,88,88,95,101,144,144,90,96,102,104,90,90,96,96,96,96
"122",111,115,167,167,97,133,202,202,90,90,129,129,167,169,193,195,149,149,160,160,104,110,132,136,88,88,95,101,144,144,90,96,102,104,90,90,96,96,96,96
"123",111,115,167,167,97,133,202,202,90,90,129,129,167,169,193,195,149,149,160,160,104,110,132,136,88,88,95,101,144,144,90,96,102,104,90,90,96,96,96,96
"124",111,115,167,167,97,133,202,202,90,93,129,129,163,165,195,195,149,149,154,160,104,110,132,136,88,88,95,101,144,144,90,96,102,104,90,90,96,96,96,96
"125",111,115,167,169,97,103,202,202,90,93,129,129,167,169,193,195,149,149,160,160,104,110,132,136,88,90,95,95,144,144,96,96,104,108,87,90,96,96,96,96
"126",111,115,167,167,97,133,202,202,90,90,129,129,167,169,193,195,149,149,160,160,104,110,132,136,88,88,95,101,144,144,90,96,102,104,90,90,96,96,96,96
"127",111,115,167,167,97,133,202,202,90,90,129,129,167,169,193,195,149,149,160,160,104,110,132,136,88,88,95,101,144,144,90,96,102,104,90,90,96,96,96,96
"128",111,115,167,167,97,133,202,202,90,90,129,129,167,169,193,195,149,149,160,160,104,110,132,136,88,88,95,101,144,144,90,96,102,104,90,90,96,96,96,96
"129",111,115,167,167,97,133,202,202,90,90,129,129,167,169,193,195,149,149,160,160,104,110,132,136,88,88,95,101,144,144,90,96,102,104,90,90,96,96,96,96
"130",115,115,155,167,115,133,202,202,90,90,129,129,167,171,195,195,149,149,160,160,104,110,136,136,88,88,95,95,144,144,90,96,102,106,90,90,96,98,96,98
"131",115,115,155,167,115,133,202,202,90,90,129,129,167,169,195,195,149,149,160,160,104,110,136,136,88,88,95,95,144,144,90,96,102,106,90,90,96,98,96,98
"132",115,115,155,167,115,133,202,202,90,90,129,129,167,169,195,195,149,149,160,160,104,110,136,136,88,88,95,95,144,144,90,96,102,106,90,90,96,98,96,96
"133",111,115,167,167,97,127,202,202,90,90,129,129,167,169,193,195,149,149,160,160,104,110,132,136,88,88,95,101,144,144,90,96,102,104,90,90,96,96,96,96
"134",111,115,167,167,87,97,202,204,90,90,129,129,167,169,193,195,149,149,160,160,104,110,132,148,88,92,95,95,144,146,90,96,102,104,90,90,96,100,96,96
"135",111,115,167,167,97,121,202,202,90,90,129,129,167,169,193,195,149,149,160,160,104,110,132,136,88,88,95,101,144,144,90,96,102,104,90,90,96,96,96,96
"136",111,115,167,167,97,123,202,202,90,90,129,129,167,169,193,195,149,149,160,160,104,110,132,136,88,88,95,101,144,144,90,96,102,104,90,90,96,96,96,96
"137",111,115,167,167,97,133,202,202,90,90,129,129,167,169,193,195,149,149,160,160,104,110,132,136,88,88,95,101,144,144,90,96,102,104,90,90,96,96,96,96
"138",111,115,167,167,97,133,202,202,90,90,129,129,167,169,193,195,149,149,160,160,104,110,132,136,88,88,95,101,144,144,90,96,102,104,90,90,96,96,96,96
"139",111,115,167,167,97,133,202,202,90,90,129,129,167,169,193,195,149,149,160,160,104,110,132,136,88,88,95,101,144,144,90,96,102,104,90,90,96,96,96,96
"140",111,115,167,167,97,133,202,202,90,90,129,129,167,169,193,195,149,149,160,160,104,110,132,136,88,88,95,101,144,144,90,96,102,104,90,90,96,96,96,96
"141",111,115,167,167,97,133,202,202,90,90,129,129,167,169,193,195,149,149,160,160,104,110,128,132,88,88,95,101,144,144,90,96,102,104,90,90,96,96,96,96
"142",111,115,167,167,87,133,202,204,90,90,129,129,167,169,185,193,149,149,160,160,104,104,132,148,88,92,101,101,142,144,90,96,104,104,90,90,96,96,96,96
"143",111,115,167,167,97,135,202,202,90,90,129,129,167,169,193,195,149,149,160,160,104,110,132,136,88,88,95,101,144,144,90,96,102,104,90,90,96,96,96,96
"144",111,115,167,167,97,135,202,202,90,90,129,129,167,169,193,195,149,149,160,160,104,110,132,136,88,88,95,101,144,144,90,96,102,104,90,90,96,96,96,96
"145",113,115,161,169,85,109,202,202,90,93,129,129,167,167,195,195,149,149,160,160,104,104,132,132,90,92,95,95,144,144,90,96,106,110,90,99,96,96,96,96
"146",113,115,161,169,85,101,202,202,90,93,129,129,167,167,193,195,149,149,160,160,104,104,132,132,88,90,95,101,144,144,90,96,102,110,90,99,96,96,96,96
"147",113,115,161,169,85,101,202,202,90,93,129,129,167,167,193,195,149,149,160,160,104,104,132,132,88,90,95,101,144,144,90,96,102,110,90,99,96,96,96,96
"148",111,115,167,167,97,133,202,202,90,90,129,129,167,169,193,195,149,149,160,160,104,110,132,136,88,88,95,101,144,144,90,96,102,104,90,90,96,96,96,96
"149",113,115,161,169,85,101,202,202,90,93,129,129,167,167,193,195,149,149,160,160,104,104,132,132,88,90,95,101,144,144,90,96,102,110,90,99,96,96,96,96
"150",113,115,161,169,85,101,202,202,90,93,129,129,167,167,193,195,149,149,160,160,104,104,132,132,88,90,95,101,144,144,90,96,102,110,90,99,96,96,96,96
"151",113,115,161,169,85,101,202,202,90,93,129,129,167,167,193,195,149,149,160,160,104,104,132,132,88,90,95,101,144,144,90,96,102,110,90,99,96,96,96,96
"152",113,115,161,169,85,101,202,202,90,93,129,129,167,167,193,195,149,149,160,160,104,104,132,132,88,90,95,101,144,144,90,96,102,110,90,99,96,96,96,96
"153",113,115,161,169,85,109,202,202,90,93,129,129,167,167,195,195,149,149,160,160,104,104,132,132,90,92,95,95,144,144,90,96,106,110,90,99,96,96,96,96
"154",113,115,161,169,85,109,202,202,90,93,129,129,167,167,195,195,149,149,160,160,104,104,132,132,90,92,95,95,144,144,90,96,106,110,90,99,96,96,96,96
"155",113,115,161,167,87,109,202,204,93,93,129,129,167,167,185,195,149,149,160,160,104,104,132,148,90,92,95,95,144,146,90,100,110,112,90,99,96,100,96,96
"156",113,115,161,167,87,109,202,204,93,93,129,129,167,167,185,195,149,149,160,160,104,104,132,148,90,92,95,95,144,146,90,100,110,112,90,99,96,100,96,96
"157",113,115,161,167,85,97,202,202,90,90,129,129,167,167,195,195,149,149,160,160,104,104,132,132,88,90,95,101,144,144,90,90,102,110,90,99,96,96,96,96
"158",113,115,161,167,85,97,202,202,90,90,129,129,167,167,195,195,149,149,160,160,104,104,132,132,88,90,95,101,144,144,90,90,102,110,90,99,96,96,96,96
"159",115,115,167,167,99,103,202,204,93,96,129,129,167,167,195,195,149,149,160,160,104,107,140,144,90,90,95,95,144,144,96,96,108,110,90,90,96,100,96,96
"160",115,115,167,167,99,103,202,204,93,96,129,129,167,167,195,195,149,149,160,160,104,104,140,144,90,90,95,95,144,144,96,96,108,110,90,90,96,100,96,96
"161",115,115,155,167,95,103,202,202,84,90,129,129,167,169,193,195,147,153,160,160,104,104,132,132,88,90,101,101,144,144,90,90,104,116,84,90,96,96,96,96
"162",115,115,155,167,95,103,202,202,84,90,129,129,167,169,193,195,147,153,160,160,104,104,132,132,88,90,101,101,144,144,90,90,104,116,84,90,96,96,96,96
"163",115,115,155,167,95,103,202,202,84,90,129,129,167,169,193,195,147,153,160,160,104,104,132,132,88,90,101,101,144,144,90,90,104,116,84,90,96,96,96,96
"164",115,115,155,167,95,103,202,202,84,90,129,129,167,169,193,195,147,153,160,160,104,104,132,132,88,90,101,101,144,144,90,90,104,116,84,90,96,96,96,96
"165",115,115,155,167,95,103,202,202,84,90,129,129,167,169,193,195,147,153,160,160,104,104,132,132,88,90,101,101,144,144,90,90,104,116,84,90,96,96,96,96
"166",115,115,155,167,95,103,202,202,84,90,129,129,161,167,193,195,147,149,160,160,104,110,132,132,90,90,101,101,144,144,90,96,116,116,84,84,92,96,96,96
"167",113,117,167,169,103,109,202,202,90,90,127,129,167,169,195,195,147,155,160,160,104,104,136,140,90,90,101,101,144,146,90,90,104,104,90,90,96,100,96,96
"168",115,115,155,167,95,103,202,202,84,90,129,129,161,167,193,195,147,149,160,160,104,110,132,132,90,90,101,101,144,144,90,96,104,116,84,90,92,96,96,96
"169",115,115,155,167,95,103,202,202,84,90,129,129,161,167,193,195,147,149,160,160,104,110,132,132,90,90,101,101,144,144,90,96,116,116,84,84,92,96,96,96
"170",115,117,169,169,95,95,202,202,84,93,129,129,167,169,193,193,149,149,160,160,104,104,132,136,88,90,95,95,144,146,90,96,104,104,90,90,96,96,96,96
"171",115,117,169,169,95,95,202,202,84,93,129,129,167,169,193,193,149,149,160,160,104,104,132,136,88,90,95,95,144,146,90,96,104,104,90,90,96,96,96,96
"172",115,117,169,169,95,95,202,202,84,93,129,129,167,169,193,193,149,149,160,160,104,104,132,136,88,90,95,95,144,146,90,96,104,104,90,90,96,96,96,96
"173",113,117,167,169,95,97,202,202,93,93,129,129,167,167,193,193,147,149,160,160,104,104,132,136,88,90,95,95,144,146,96,96,104,116,84,90,96,96,96,96
"174",115,117,169,169,95,95,202,202,84,93,129,129,167,169,193,193,149,149,160,160,104,104,132,136,88,90,95,95,144,146,90,96,104,104,90,90,96,96,96,96
"175",115,117,169,169,95,95,202,202,84,93,129,129,167,169,193,193,149,149,160,160,104,104,132,136,88,90,95,95,144,146,90,96,104,104,90,90,96,96,96,96
"176",115,115,155,169,95,117,202,202,90,93,129,129,167,167,193,193,149,149,160,160,104,104,132,136,88,90,95,101,144,146,90,96,104,110,90,90,96,96,96,96
"177",115,117,169,169,95,95,202,202,84,93,129,129,167,169,193,193,149,149,160,160,104,104,132,136,88,90,95,95,144,146,90,96,104,104,90,90,96,96,96,96
"178",115,117,169,169,95,95,202,202,84,93,129,129,167,169,193,193,149,149,160,160,104,104,132,136,88,90,95,95,144,146,90,96,104,104,90,90,96,96,96,96
"179",115,117,155,167,93,109,202,202,90,93,129,129,161,167,195,195,147,147,160,160,104,104,132,132,88,90,101,101,144,144,96,96,108,108,84,87,96,100,96,96
"180",115,121,155,167,93,109,202,202,90,93,129,129,161,167,195,195,147,147,160,160,104,104,132,132,88,90,101,101,144,144,96,96,108,108,84,87,96,100,96,96
"181",111,115,167,169,97,111,202,202,90,96,129,135,167,169,195,195,149,149,160,160,104,104,132,136,88,90,95,101,144,146,90,90,104,116,90,90,92,96,96,96
"182",115,115,167,169,97,99,202,202,90,93,129,129,167,167,191,193,147,149,152,160,104,110,136,136,90,90,95,95,144,144,90,96,104,108,87,93,96,100,96,96
"183",115,115,167,169,97,99,202,202,90,93,129,129,167,167,191,193,147,149,152,160,104,110,136,136,90,90,95,95,144,144,90,96,104,108,87,93,96,100,96,96
"184",111,115,155,167,95,97,202,202,90,96,127,135,167,167,193,193,147,149,160,160,104,104,132,136,88,90,95,101,144,144,90,94,104,104,90,90,92,96,96,96
"185",115,115,167,167,97,99,202,202,93,96,129,135,167,169,193,195,147,149,160,160,104,104,128,136,88,90,95,95,144,144,90,94,104,104,90,90,96,96,96,96
"186",115,115,155,167,97,103,202,202,90,96,129,135,167,169,193,195,147,153,160,160,104,104,128,132,88,90,95,101,144,144,90,90,104,104,90,90,96,96,96,96
"187",115,115,155,167,97,103,202,202,90,96,129,135,167,169,193,195,147,153,160,160,104,104,128,132,88,90,95,101,144,144,90,90,104,104,90,90,96,96,96,96
"188",115,115,167,169,97,97,202,202,90,93,129,129,167,167,193,195,147,149,152,160,104,107,124,132,90,90,92,95,144,144,96,96,104,108,90,90,96,96,96,96
"189",115,115,155,167,95,103,202,202,84,90,129,129,167,169,193,195,147,153,160,160,104,104,132,132,88,90,101,101,144,144,90,90,104,116,84,90,96,96,96,96
"190",115,115,155,167,95,103,202,202,84,90,129,129,167,169,193,195,147,153,160,160,104,104,132,132,88,90,101,101,144,144,90,90,104,116,84,90,96,96,96,96
"191",115,115,155,167,95,103,202,202,84,90,129,129,167,169,193,195,147,153,160,160,104,104,132,132,88,90,101,101,144,144,90,90,104,116,84,90,96,96,96,96
"192",115,115,155,167,95,103,202,202,84,90,129,129,167,169,193,195,147,153,160,160,104,104,132,132,88,90,101,101,144,144,90,90,104,116,84,90,96,96,96,96
"193",115,115,167,167,95,95,202,202,90,90,129,129,167,167,193,195,149,149,160,160,104,110,128,136,90,90,95,101,144,144,90,90,104,104,90,96,96,96,96,96
"194",113,113,155,167,93,101,202,202,84,90,129,129,167,169,193,195,147,153,160,160,104,104,132,132,88,90,101,101,144,144,90,90,104,116,84,90,96,96,96,96
"195",115,115,167,167,95,95,202,202,90,90,129,129,167,167,193,195,149,149,160,160,104,110,128,136,90,90,95,101,144,144,90,90,104,104,90,96,96,96,96,96
"196",115,115,167,167,95,95,202,202,90,90,129,129,167,167,193,195,149,149,160,160,104,110,128,136,90,90,95,101,144,144,90,90,104,104,90,96,96,96,96,96
"197",115,115,167,167,95,95,202,202,90,90,129,129,167,167,193,195,149,149,160,160,104,110,128,136,90,90,95,101,144,144,90,90,104,104,90,96,96,96,96,96
"198",115,115,167,169,95,95,202,202,90,90,129,129,167,167,195,195,147,149,160,160,104,104,128,128,90,90,95,95,144,144,90,96,104,104,90,90,96,100,96,96
"199",115,115,167,167,93,97,202,202,90,96,129,129,167,167,193,195,149,149,160,160,104,104,144,144,88,90,95,101,144,144,96,96,108,112,90,90,92,96,96,96
"200",119,121,167,167,85,109,202,204,93,96,129,129,167,167,193,195,149,149,160,160,104,104,128,136,90,90,101,101,144,144,90,96,104,114,84,90,96,102,96,96
"201",109,117,155,155,99,99,202,202,90,90,129,129,167,167,195,195,149,149,160,160,104,110,136,144,90,90,101,101,144,144,96,96,114,114,84,90,96,96,96,96
"202",115,115,167,167,93,97,202,202,90,96,129,129,167,167,193,195,149,149,160,160,104,104,144,144,88,90,95,101,144,144,96,96,108,112,90,90,92,96,96,96
"203",119,121,167,167,85,109,202,204,93,96,129,129,167,167,193,195,149,149,160,160,104,104,128,136,90,90,101,101,144,144,90,96,104,114,84,90,96,102,96,96
"204",115,117,167,167,93,101,202,204,90,90,129,129,167,167,193,193,149,149,160,160,104,104,136,140,90,92,95,101,144,144,90,90,104,112,87,90,94,96,96,96
"205",115,119,155,167,85,89,202,202,93,96,129,129,167,167,195,199,149,155,160,160,104,104,136,136,88,90,101,101,144,144,90,96,104,104,84,90,96,100,96,96
"206",115,119,155,167,85,89,202,202,93,96,129,129,167,167,195,199,149,155,160,160,104,104,136,136,88,90,101,101,144,144,90,96,104,104,84,90,96,100,96,96
"207",115,119,155,167,85,89,202,202,93,96,129,129,167,167,195,199,149,155,160,160,104,104,136,136,88,90,101,101,144,144,90,96,104,104,84,90,96,100,96,96
"208",115,115,167,167,85,89,202,202,96,96,129,129,167,167,193,193,149,149,160,172,104,110,128,132,88,90,95,101,144,144,96,96,102,110,84,90,92,96,96,96
"209",115,115,167,169,85,85,202,202,93,93,129,129,167,167,195,195,149,149,160,160,104,104,124,132,88,90,95,101,144,146,90,98,104,114,87,90,92,96,96,96
"210",115,119,167,167,87,87,202,202,90,90,129,131,167,167,191,195,149,149,160,160,101,110,132,136,88,90,101,101,144,146,96,98,104,114,84,90,96,96,96,96
"211",115,119,167,167,87,87,202,202,90,90,129,131,167,167,191,195,149,149,160,160,95,110,132,136,88,90,101,101,144,146,96,98,104,114,84,90,96,96,96,96
"212",115,119,167,167,97,99,202,202,90,93,129,129,167,167,193,195,149,149,160,172,104,110,128,132,88,88,95,101,144,144,94,96,104,110,84,90,96,96,96,96
"213",115,115,167,167,99,99,198,202,90,96,129,129,167,167,191,195,149,149,160,160,104,110,128,132,88,90,95,101,144,144,90,94,104,114,84,90,96,100,96,96
"214",115,115,155,167,91,93,202,202,90,93,129,129,167,167,193,195,149,149,160,160,104,110,124,140,88,90,95,101,144,144,94,96,104,104,84,90,96,96,96,96
"215",115,115,155,167,91,93,202,202,90,93,129,129,167,167,193,195,149,149,160,160,104,110,124,140,88,90,95,101,144,144,94,96,104,104,84,90,96,96,96,96
"216",115,115,155,167,91,93,202,202,90,93,129,129,167,167,193,195,149,149,160,160,104,110,124,140,88,90,95,101,144,144,94,96,104,104,84,90,96,96,96,96
"217",115,115,155,167,91,93,202,202,90,93,129,129,167,167,193,195,149,149,160,160,104,110,124,140,88,90,95,101,144,144,94,96,102,104,84,90,96,96,96,96
"218",115,115,167,167,111,133,202,202,90,96,129,129,167,167,191,195,149,149,158,160,104,110,132,136,90,90,101,101,144,144,90,96,114,122,81,84,96,100,96,96
"219",115,115,167,167,111,133,202,202,90,96,129,129,167,167,191,195,149,149,158,160,104,110,132,136,90,92,101,101,144,144,90,96,114,122,81,84,96,100,96,96
"220",115,115,167,167,103,111,202,202,93,96,129,129,167,167,195,195,149,149,152,160,101,104,136,136,90,90,95,101,144,144,90,96,104,110,90,90,96,96,96,96
"221",109,125,155,167,101,115,202,202,93,93,129,133,167,167,193,195,147,149,160,160,110,110,136,140,90,92,95,95,144,146,90,96,110,116,90,90,96,100,96,96
"222",109,125,155,167,101,115,202,202,93,93,129,133,167,167,193,195,147,149,160,160,110,110,136,140,90,92,95,95,144,146,90,96,110,116,90,90,96,100,96,96
"223",115,115,167,167,97,111,204,204,90,96,129,129,167,167,195,195,149,149,160,162,104,110,124,136,90,90,101,101,144,144,90,96,104,104,87,90,96,100,96,96
"224",109,121,155,167,101,115,202,202,93,93,129,133,167,167,193,195,147,149,160,160,110,110,136,140,90,92,95,95,144,146,90,96,110,116,90,90,96,100,96,96
"225",115,121,167,167,99,101,202,202,90,90,129,133,167,167,195,195,149,149,160,160,110,110,136,140,90,90,95,101,144,144,96,98,104,104,90,90,96,96,96,96
"226",115,121,167,167,85,89,202,202,93,93,129,129,167,167,191,195,147,149,160,172,110,110,128,136,90,90,95,101,144,144,90,96,104,114,84,87,96,96,96,96
"227",115,121,167,167,85,89,202,202,93,93,129,129,167,167,191,195,147,149,160,172,110,110,128,136,90,90,95,101,144,144,90,96,104,114,84,87,96,96,96,96
"228",115,115,155,167,83,91,202,202,90,96,129,129,167,167,195,195,149,149,160,160,104,110,128,128,88,90,95,101,144,144,90,96,110,110,84,90,96,96,96,96
"229",115,119,155,167,93,99,202,202,90,93,129,129,167,167,191,193,149,149,158,160,104,104,136,152,90,90,92,101,144,146,90,90,104,108,84,90,88,96,96,96
"230",119,121,167,169,89,115,202,202,93,96,129,129,167,167,193,195,149,149,160,160,104,104,132,144,90,90,95,95,144,144,90,96,104,104,84,90,96,96,96,96
"231",109,115,167,169,89,121,202,202,90,93,129,129,167,169,191,195,149,149,160,172,104,110,136,140,90,90,95,101,144,144,96,96,102,104,90,90,92,104,96,96
"232",115,115,167,167,89,109,202,202,93,96,129,129,167,167,195,195,149,149,160,160,101,110,124,140,90,90,95,95,144,144,96,96,102,104,87,90,96,96,96,96
"233",109,113,167,169,99,113,202,202,90,93,129,129,167,167,193,195,149,149,152,160,104,104,128,136,88,88,101,101,144,146,90,96,104,104,84,90,96,96,96,96
"234",113,121,167,167,101,101,202,202,90,93,129,129,167,167,195,195,149,149,160,160,104,110,140,140,88,90,95,101,144,144,90,98,104,104,90,90,96,96,96,96
"235",109,113,167,169,83,83,202,204,81,90,129,135,167,167,193,193,149,149,160,160,104,110,132,136,90,92,98,101,142,144,96,96,104,114,90,90,92,102,96,96
"236",113,119,167,167,89,95,202,202,90,93,129,129,167,167,193,197,149,149,160,160,110,110,136,136,90,90,95,95,144,144,96,96,104,110,84,90,92,96,96,96
"237",105,115,155,167,85,101,202,202,90,93,129,129,167,169,195,195,149,151,160,160,110,110,128,132,88,88,95,101,144,146,90,96,108,114,84,84,92,96,96,96
"238",115,119,155,167,87,93,202,202,93,93,129,129,167,167,193,195,149,149,160,172,104,110,136,144,88,90,95,95,144,144,90,90,104,116,90,90,96,96,96,96
"239",109,113,167,167,99,99,202,202,87,90,129,129,167,167,191,195,149,149,148,160,104,110,140,144,88,90,95,95,144,144,96,96,102,116,84,93,96,100,96,96
"240",109,115,167,167,97,99,202,202,87,96,129,129,167,167,191,191,149,149,160,160,104,110,140,144,88,90,95,95,144,144,96,96,102,116,84,93,96,100,96,96
"241",115,117,155,157,105,105,202,202,93,93,129,129,165,167,191,195,149,149,160,160,104,104,136,144,90,90,95,101,144,144,96,96,114,116,84,87,96,96,96,96
"242",113,115,155,155,99,109,202,202,93,93,129,129,167,167,191,195,149,149,160,160,110,113,136,140,88,90,95,101,144,146,92,96,110,116,87,90,96,100,96,96
"243",115,115,155,167,109,109,202,202,90,93,129,129,167,169,193,195,149,149,160,160,110,110,132,136,90,90,101,101,144,144,96,96,104,108,87,90,96,100,96,96
"244",115,115,155,167,109,109,202,202,90,93,129,129,167,169,193,195,149,149,160,160,110,110,132,136,90,90,101,101,144,144,96,96,104,108,87,90,96,100,96,96
"245",115,115,155,155,95,109,202,202,90,96,129,129,167,167,191,191,149,149,160,160,110,110,132,132,90,90,101,101,144,144,96,96,108,116,84,87,96,98,96,96
"246",113,115,155,155,99,109,202,202,93,93,129,129,167,167,191,195,149,149,160,160,110,113,136,140,88,90,95,101,144,146,92,96,110,116,87,90,96,100,96,96
"247",115,115,155,155,95,109,202,202,90,96,129,129,167,167,191,191,149,149,160,160,110,110,132,132,90,90,101,101,144,144,96,96,108,116,84,87,96,98,96,96
"248",115,115,155,155,95,109,202,202,90,96,129,129,167,167,191,191,149,149,160,160,110,110,132,132,90,90,101,101,144,144,96,96,108,116,84,87,96,98,96,96
"249",115,115,155,155,95,105,202,202,90,96,129,129,167,167,191,191,149,149,160,160,110,110,132,132,90,90,101,101,144,144,96,96,102,108,84,87,96,98,96,96
"250",115,115,155,155,95,105,202,202,90,96,129,129,167,167,191,191,149,149,160,160,110,110,132,132,90,90,101,101,144,144,96,96,108,116,84,87,96,98,96,96
"251",115,115,167,167,99,109,202,202,90,93,129,129,167,167,191,191,149,149,160,160,104,104,136,140,90,90,95,101,144,144,96,96,116,116,87,90,96,98,96,96
"252",113,115,155,167,107,109,202,202,93,93,129,129,165,167,191,193,149,149,160,160,104,104,136,140,88,90,95,95,142,144,92,96,102,116,84,90,96,96,96,96
"253",115,115,157,167,85,85,202,202,90,93,129,129,167,167,195,213,149,149,160,160,104,104,128,132,90,90,95,101,144,144,90,96,102,116,84,93,96,96,96,96
"254",115,115,157,167,83,101,202,202,90,93,129,129,167,167,195,195,149,149,160,160,104,104,132,136,90,90,95,101,144,144,96,96,102,116,84,93,96,96,96,96
"255",115,115,157,167,83,101,202,202,90,93,129,129,167,167,195,195,149,149,160,160,104,104,132,136,90,90,95,101,144,144,96,96,102,116,84,93,96,96,96,96
"256",115,115,157,167,85,97,202,202,90,93,129,129,167,169,191,191,149,149,160,160,104,110,136,144,90,90,95,101,144,144,86,96,108,116,84,87,96,96,96,96
"257",115,119,155,169,93,103,202,202,90,90,129,129,167,167,191,191,149,149,148,160,104,110,132,136,90,90,95,101,144,144,96,96,108,108,87,90,96,96,96,96
"258",115,117,167,167,83,103,202,202,96,102,129,129,167,169,193,195,149,149,154,160,104,104,128,136,90,90,95,101,144,144,86,96,114,116,87,90,96,100,96,96
"259",115,117,167,167,83,103,202,202,90,90,129,129,165,167,191,193,149,149,160,160,104,104,128,136,90,90,95,101,144,144,86,96,114,116,87,90,96,100,96,96
"260",105,115,167,169,93,93,202,202,90,90,129,129,165,165,195,195,149,149,160,160,104,110,136,144,90,90,95,95,144,144,96,96,104,108,84,90,96,96,96,96
"261",115,115,167,169,95,103,202,202,90,93,129,129,167,167,193,195,149,149,148,152,104,110,136,144,90,90,98,101,144,144,96,96,104,110,84,90,96,96,96,96
"262",115,123,155,155,97,105,202,202,93,96,129,129,167,167,193,195,149,149,160,160,104,110,136,144,90,90,101,101,144,144,86,96,104,116,90,90,94,96,96,96
"263",115,123,155,155,97,105,202,202,93,96,129,129,167,167,193,195,149,149,160,160,104,110,136,144,90,90,101,101,144,144,86,96,102,104,90,90,94,96,96,96
"264",109,115,167,167,95,113,202,202,87,90,129,129,165,167,191,193,149,149,160,160,104,110,132,136,90,90,95,95,142,144,96,96,104,116,84,90,96,100,96,96
"265",115,115,155,157,83,101,202,202,93,93,129,129,167,167,191,195,149,149,160,160,104,104,132,136,90,92,101,101,144,144,90,90,102,108,90,93,96,96,96,96
"266",115,115,155,167,103,111,202,202,93,99,129,129,163,165,191,191,149,149,160,160,104,104,136,140,90,92,95,95,144,150,96,96,108,116,84,90,100,100,96,96
"267",109,115,167,167,95,111,202,202,90,93,129,129,165,167,191,191,149,149,160,160,104,110,132,136,90,90,95,95,142,144,96,96,104,116,84,90,96,100,96,96
"268",113,115,167,169,101,101,202,202,90,93,129,129,167,169,195,195,149,149,160,160,104,104,136,140,90,90,95,101,144,144,86,92,114,114,87,90,94,100,96,96
"269",115,115,155,167,103,111,202,202,93,99,129,129,163,165,191,191,149,149,160,160,104,104,136,140,90,92,95,95,144,150,96,96,108,116,84,90,100,100,96,96
"270",113,113,155,157,95,101,202,202,90,90,129,129,167,169,195,195,149,149,160,160,104,110,132,168,90,90,95,101,142,144,96,96,104,116,84,90,96,98,96,96
"271",115,115,155,157,97,103,202,202,90,90,129,129,167,169,195,195,149,149,160,160,104,110,132,164,90,90,95,101,142,144,96,96,104,116,84,90,96,98,96,96
"272",115,115,155,157,99,103,202,202,90,90,129,129,167,169,195,195,149,149,160,160,104,110,132,156,90,90,95,101,142,144,96,96,104,116,84,90,96,98,96,96
"273",115,115,155,157,99,103,202,202,90,90,129,129,167,169,195,195,149,149,160,160,104,110,132,168,90,90,95,101,142,144,96,96,104,116,84,90,96,98,96,96
"274",115,115,155,157,99,103,202,202,90,90,129,129,167,169,195,195,149,149,160,160,104,110,132,168,90,90,95,101,142,144,96,96,104,116,84,90,96,98,96,96
"275",115,115,155,157,97,103,202,202,90,90,129,129,167,169,195,195,149,149,160,160,104,110,132,168,90,90,95,101,142,144,96,96,104,116,84,90,96,98,96,96
"276",115,115,155,157,99,103,202,202,90,90,129,129,167,169,195,195,149,149,160,160,104,110,132,168,90,90,95,101,142,144,96,96,104,116,84,90,96,98,96,96
"277",115,115,155,157,99,103,202,202,90,90,129,129,167,169,195,195,149,149,160,160,104,110,132,168,90,90,95,101,142,144,96,96,104,116,84,90,96,98,96,96
"278",115,115,155,157,99,103,202,202,90,90,129,129,167,169,195,195,149,149,160,160,104,110,132,168,90,90,95,101,142,144,96,96,102,104,84,90,96,98,96,96
"279",111,115,165,169,93,97,202,202,93,93,129,131,165,165,185,193,149,149,160,160,107,107,132,136,90,92,98,101,144,144,92,96,108,110,90,90,96,100,96,96
"280",111,115,165,169,93,97,202,202,93,93,129,131,165,165,185,193,149,149,160,160,95,104,132,136,90,92,98,101,144,144,92,96,108,110,90,90,96,100,96,96
"281",115,115,155,155,95,101,198,202,93,93,129,131,165,167,195,199,147,149,148,160,98,104,132,148,90,90,95,101,144,146,90,96,108,114,90,90,96,100,96,96
"282",111,111,167,169,97,107,202,202,93,93,131,131,167,167,193,195,149,149,160,160,104,104,132,132,90,92,92,95,144,144,96,96,104,112,90,90,100,100,96,96
"283",115,119,155,155,97,117,202,202,90,93,129,131,167,167,191,199,149,149,152,160,104,104,136,140,90,90,101,101,144,144,96,96,104,108,84,90,92,100,96,96
"284",111,111,167,169,97,107,202,202,93,93,131,131,167,167,193,195,149,149,160,160,104,104,132,132,88,90,92,95,144,144,96,96,104,112,90,90,100,100,96,96
"285",115,117,155,167,87,89,202,202,90,93,131,131,167,167,195,195,149,149,152,160,104,104,136,140,90,90,95,95,144,144,96,96,104,108,90,90,96,96,96,96
"286",113,115,167,167,95,101,202,202,84,90,129,129,167,167,193,195,149,149,160,160,104,104,132,132,90,92,95,95,144,144,96,96,104,108,84,90,92,94,96,96
"287",113,113,155,169,95,101,202,202,81,84,131,131,167,171,195,195,149,149,160,160,104,104,136,136,90,90,95,101,144,146,96,96,104,106,90,90,90,96,96,96
"288",111,115,167,167,97,103,202,202,93,93,129,129,165,167,193,195,147,149,152,164,110,113,136,136,92,92,98,101,144,146,90,96,114,114,90,90,100,100,96,96
"289",111,115,167,167,97,103,202,202,93,93,129,129,165,167,193,195,147,149,152,164,110,113,136,136,92,92,98,101,144,146,90,96,114,114,90,90,100,100,96,96
"290",115,115,155,167,99,105,202,202,93,93,129,131,163,167,193,195,149,149,152,160,104,104,136,136,90,90,98,101,144,144,96,96,108,108,90,90,90,100,96,96
"291",115,115,155,167,99,105,202,202,93,93,129,131,163,167,193,195,149,149,152,160,104,104,136,136,90,90,98,101,144,144,96,96,108,108,90,90,90,100,96,96
"292",115,115,155,167,97,101,202,202,93,93,129,131,167,167,195,195,149,149,152,158,104,110,132,132,90,90,95,95,144,144,96,96,106,116,90,90,96,96,96,96
"293",115,115,155,167,97,101,202,202,93,93,129,131,167,167,195,195,149,149,152,158,104,110,132,132,90,90,95,95,144,144,96,96,106,116,90,90,96,96,96,96
"294",115,115,155,167,97,101,202,202,93,93,129,131,167,167,195,195,149,149,152,158,104,110,132,132,90,90,95,95,144,144,96,96,106,116,90,90,96,96,96,96
"295",117,119,155,169,89,89,202,202,90,93,129,131,167,167,191,195,149,149,160,160,104,104,140,144,90,90,95,95,142,144,96,96,108,116,87,90,96,100,96,96
"296",115,115,167,169,97,109,202,202,90,93,127,129,167,167,195,195,149,149,158,160,104,110,124,136,90,90,95,101,144,144,90,96,102,108,90,90,96,96,96,96
"297",115,115,169,169,97,99,202,202,93,93,131,131,163,167,193,195,149,149,152,160,104,104,132,144,88,90,95,95,144,144,96,96,108,108,90,90,96,96,96,96
"298",115,119,155,167,95,97,202,202,90,93,129,129,167,167,193,195,149,149,160,160,104,104,136,144,88,90,95,95,144,144,96,96,104,108,90,90,100,100,96,96
"299",115,117,155,155,83,107,202,202,93,93,129,131,165,167,193,193,149,149,160,160,104,104,132,148,90,90,95,95,144,144,96,96,106,110,84,90,98,100,96,96
"300",115,119,155,167,95,97,202,202,90,93,129,129,167,167,193,195,149,149,160,160,104,104,136,140,88,90,95,95,144,144,96,96,104,108,90,90,100,100,96,96
"301",115,117,155,155,87,95,202,202,93,93,129,129,167,167,195,195,149,149,152,158,104,104,136,136,90,90,95,95,144,144,96,96,108,108,90,93,96,104,96,96
"302",115,115,155,169,97,99,202,202,90,93,129,129,167,167,193,195,149,149,160,160,98,104,136,136,90,92,95,101,144,144,96,96,108,112,90,90,100,100,96,96
"303",115,115,155,169,97,99,202,202,93,93,129,129,167,167,193,195,149,149,158,162,104,104,132,140,90,92,95,95,144,144,96,96,104,108,90,90,100,100,96,96
"304",115,115,155,169,97,99,202,202,90,93,129,129,167,167,193,195,149,149,160,160,98,104,136,136,90,92,95,101,144,144,96,96,108,112,90,90,100,100,96,96
"305",111,115,167,169,93,97,202,202,93,93,129,131,167,171,195,195,149,149,160,160,104,110,136,140,90,90,95,95,144,144,96,96,104,104,87,90,96,100,96,96
"306",113,115,167,169,85,89,202,202,90,93,131,131,167,167,193,195,149,149,148,160,104,104,140,144,88,90,95,95,144,144,96,96,100,108,90,90,96,100,96,96
"307",109,115,167,167,89,97,202,202,93,93,129,131,165,167,195,199,149,149,160,160,104,110,136,140,90,92,95,101,144,144,96,96,108,108,90,90,96,100,96,96
"308",115,115,167,169,93,97,202,202,90,93,129,131,167,171,191,195,147,149,160,160,104,104,132,136,90,90,101,101,144,144,96,96,108,114,90,90,92,98,96,96
"309",115,115,167,167,97,105,202,202,90,90,129,131,165,167,195,195,149,149,148,160,104,104,132,136,90,90,95,101,144,144,94,94,108,114,90,90,92,104,96,96
"310",115,115,167,167,97,105,202,202,90,90,129,131,165,167,195,195,149,149,148,160,104,104,132,136,90,90,95,101,144,144,94,94,108,114,90,90,92,104,96,96
"311",109,117,167,169,97,99,202,202,90,93,129,131,165,167,195,195,149,149,160,160,104,104,136,140,90,90,101,101,144,144,90,94,100,104,90,90,96,98,96,96
"312",105,115,167,169,95,97,202,202,96,99,129,129,165,167,193,195,149,149,160,160,101,110,124,140,90,90,95,95,144,144,96,96,110,112,90,90,92,96,96,96
"313",115,115,157,167,97,103,202,202,93,93,129,129,167,167,191,195,149,149,160,160,104,104,132,132,90,90,95,101,142,144,96,96,104,122,90,90,96,96,96,96
"314",115,115,155,169,85,99,202,202,87,93,129,131,165,167,191,195,149,149,154,160,104,104,136,140,90,90,95,101,144,144,90,96,106,108,90,90,94,96,96,96
"315",115,115,155,169,85,99,202,202,87,93,129,131,165,167,191,195,149,149,154,160,104,104,136,140,90,90,95,101,144,144,90,96,106,108,90,90,94,96,96,96
"316",109,115,167,169,93,97,202,202,93,96,129,129,165,165,193,195,149,149,148,152,104,104,132,136,90,90,95,101,144,144,92,96,104,108,87,90,94,100,96,96
"317",113,115,155,169,99,107,202,202,90,93,129,131,165,167,191,195,149,149,160,160,104,110,136,136,90,90,95,101,144,144,92,96,110,110,87,90,96,98,96,96
"318",115,115,155,155,109,113,202,202,93,93,129,131,167,171,195,195,149,149,160,160,104,104,136,140,90,92,95,95,144,146,96,96,104,108,90,90,100,100,96,96
"319",115,115,167,167,95,99,202,202,93,93,129,129,167,167,191,195,147,149,148,160,104,110,136,140,88,88,101,104,144,146,90,96,104,104,90,90,96,100,96,96
"320",113,115,167,169,99,103,202,202,84,96,129,129,165,167,195,195,149,149,160,160,104,107,132,144,90,90,95,101,144,144,96,96,108,108,90,90,96,100,96,96
"321",115,115,155,169,87,107,202,202,93,96,129,129,167,173,195,195,147,149,152,158,104,104,132,144,88,88,101,101,144,144,96,96,108,108,90,90,96,96,96,96
"322",115,117,161,169,87,111,202,202,90,96,129,129,169,169,195,205,149,149,156,160,104,104,132,144,88,88,95,101,144,144,96,98,108,114,90,90,96,104,96,96
"323",113,119,161,167,89,113,202,202,90,90,129,129,167,169,193,195,149,151,160,160,98,104,132,132,90,90,95,104,144,144,96,98,104,108,87,90,96,100,96,96
"324",113,115,155,155,99,113,202,202,90,90,129,129,167,171,193,195,149,149,160,160,104,104,132,136,90,90,101,101,144,144,96,98,104,106,90,90,96,96,96,96
"325",113,119,161,167,89,113,202,202,90,90,129,129,167,169,193,195,149,151,160,160,98,104,132,132,90,90,95,104,144,144,96,98,104,108,87,90,96,100,96,96
"326",113,119,161,167,89,113,202,202,90,90,129,129,167,169,193,195,149,151,160,160,98,104,132,132,90,90,95,104,144,144,96,98,104,108,87,90,96,100,96,96
"327",115,115,155,169,95,113,202,202,90,93,129,129,165,167,195,205,149,149,152,152,104,104,120,136,88,90,95,101,144,144,96,96,108,108,87,90,96,104,96,96
"328",115,115,155,169,95,113,202,202,90,93,129,129,165,167,195,205,149,149,152,152,104,104,120,136,88,90,95,101,144,144,96,96,108,108,87,90,96,104,96,96
"329",115,115,155,169,95,113,202,202,90,93,129,129,165,167,195,205,149,149,152,152,104,104,120,136,88,88,95,101,144,144,96,96,108,108,87,90,96,104,96,96
"330",115,115,155,169,95,113,202,202,90,93,129,129,165,167,195,205,149,149,152,152,104,104,120,136,88,90,95,101,144,144,96,96,108,108,87,90,96,104,96,96
"331",115,115,155,167,109,113,202,202,93,93,129,129,167,169,191,191,147,149,152,160,104,110,132,140,88,88,95,95,144,144,96,96,106,108,90,90,100,104,96,96
"332",115,117,155,169,83,113,202,202,90,90,129,129,167,169,191,195,149,149,160,160,101,104,136,140,88,90,95,101,144,144,96,96,106,108,90,90,98,104,96,96
"333",115,117,155,169,83,113,202,202,90,90,129,129,167,169,191,195,149,149,160,160,101,104,136,140,88,90,95,101,144,144,96,96,106,108,90,90,98,104,98,98
"334",115,117,155,169,83,113,202,202,90,90,129,129,167,169,191,195,149,149,160,160,101,104,136,140,88,90,95,101,144,144,96,96,106,108,90,90,98,104,96,96
"335",115,117,155,169,83,113,202,202,90,90,129,129,169,169,191,195,149,149,160,160,101,104,136,140,88,90,95,101,144,144,96,96,106,108,90,90,98,104,96,96
"336",115,117,155,169,83,113,202,202,90,90,129,129,167,169,191,195,149,149,160,160,101,104,136,140,88,90,95,101,144,144,96,96,106,108,90,90,98,104,96,96
"337",111,115,169,171,85,99,202,202,93,93,129,129,165,167,191,195,149,149,160,160,104,110,136,144,90,90,95,95,140,144,96,96,106,106,87,90,100,100,96,96
"338",115,115,155,169,95,101,202,202,90,90,129,131,167,167,191,195,149,149,160,160,104,104,132,136,90,90,95,95,144,146,96,96,106,116,87,90,100,100,96,96
"339",115,115,167,169,85,99,202,202,90,93,129,129,163,167,193,195,149,149,160,160,104,110,132,136,90,90,95,101,142,144,96,96,108,108,90,90,96,96,96,96
"340",115,115,167,169,85,99,202,202,90,93,129,129,163,167,193,195,149,149,160,160,104,110,132,136,90,90,95,101,144,144,90,96,104,108,90,90,96,96,96,96
"341",115,115,167,169,85,99,202,202,90,93,129,129,163,167,193,195,149,149,160,160,104,110,132,136,90,90,95,101,142,144,96,96,108,108,90,90,96,96,96,96
"342",115,117,155,155,113,113,202,202,90,93,129,129,165,173,195,195,149,149,160,160,104,104,132,144,88,90,95,95,144,144,96,96,106,108,84,90,94,100,96,96
"343",115,115,169,169,93,111,202,202,93,96,129,129,167,173,195,195,149,149,158,160,110,110,136,140,88,90,95,95,144,144,96,96,108,108,90,90,100,104,96,96
"344",115,115,155,167,93,113,202,202,90,93,129,129,165,167,195,195,149,149,152,160,104,104,132,136,88,90,95,95,144,144,96,98,106,108,90,90,98,104,96,96
"345",115,117,155,155,113,113,202,202,90,93,129,129,165,173,195,195,149,149,160,160,104,104,132,144,88,90,95,95,144,144,96,96,106,108,84,90,94,100,96,96
"346",115,117,155,155,113,113,202,202,90,93,129,129,165,173,195,195,149,149,160,160,104,104,132,144,88,90,95,95,144,144,96,96,106,108,84,90,94,100,96,96
"347",115,115,155,167,93,113,202,202,90,93,129,129,165,167,195,195,149,149,152,160,104,104,132,136,88,90,95,95,144,144,96,98,106,108,90,90,98,104,96,96
"348",109,115,155,167,101,105,202,202,93,93,129,129,167,167,193,195,149,149,158,160,104,104,124,140,90,90,95,95,144,150,96,96,104,114,90,90,100,104,96,96
"349",109,115,155,169,99,105,202,202,93,93,129,129,167,167,195,195,149,149,148,158,104,104,124,132,90,90,95,95,144,150,96,96,104,104,90,90,104,104,96,96
"350",109,115,155,169,99,105,202,202,93,93,129,129,167,167,195,195,149,149,148,158,104,104,124,132,90,90,95,95,144,150,96,96,104,104,90,90,104,104,96,96
"351",115,115,167,169,99,101,202,202,93,93,129,129,167,167,195,195,149,149,148,160,101,104,140,144,90,90,95,95,144,144,96,96,104,108,87,90,100,100,96,96
"352",115,115,167,169,97,99,202,202,90,93,129,129,167,167,195,195,149,149,160,160,104,104,132,136,90,90,95,101,144,144,96,96,108,108,87,90,96,100,96,96
"353",115,115,169,169,97,109,202,202,90,93,129,129,167,167,195,195,149,149,156,160,101,104,136,136,90,90,95,95,144,144,96,96,108,108,84,90,94,100,96,96
"354",115,115,169,169,97,109,202,202,90,93,129,129,167,167,195,195,149,149,156,160,101,104,136,136,90,90,95,95,144,144,96,96,108,108,84,90,94,100,96,96
"355",115,115,169,169,97,109,202,202,90,93,129,129,167,167,195,195,149,149,156,160,101,104,136,136,90,90,95,95,144,144,96,96,108,108,84,90,94,100,96,96
"356",115,115,169,169,97,109,202,202,90,93,129,129,167,167,195,195,149,149,156,160,101,104,136,136,90,90,95,95,144,144,96,96,108,108,84,90,94,100,96,96
"357",113,115,155,169,85,109,202,202,90,93,129,129,169,173,193,195,147,149,160,160,104,104,120,136,88,90,95,95,144,144,96,96,106,108,90,90,100,100,96,96
"358",115,117,155,169,99,101,202,202,90,99,129,129,167,167,195,195,149,149,160,160,104,110,132,132,90,90,95,95,144,144,98,98,110,114,90,93,96,100,96,96
"359",111,115,155,167,85,93,202,202,90,93,129,129,167,167,193,195,149,149,160,160,104,104,120,132,88,90,95,101,144,144,96,96,102,108,90,93,96,96,96,96
"360",111,115,155,167,85,93,202,202,90,93,129,129,167,167,193,195,149,149,160,160,104,104,120,132,88,90,95,101,144,144,96,96,102,108,90,93,96,96,96,96
"361",115,115,159,167,85,117,202,202,93,93,129,129,167,167,193,193,149,149,160,160,104,104,136,140,88,90,95,101,144,144,96,96,104,114,87,90,96,96,96,96
"362",115,115,167,167,107,117,202,202,90,93,129,129,167,167,193,193,149,149,160,160,104,104,132,136,90,90,95,101,144,144,96,96,104,108,90,90,96,100,96,96
"363",115,115,167,167,107,117,202,202,90,93,129,129,167,167,193,193,149,149,160,160,104,104,132,136,90,90,95,101,144,144,96,96,104,108,90,90,96,100,96,96
"364",115,115,167,167,85,105,202,202,93,93,129,129,167,167,193,195,149,149,160,160,101,116,132,132,88,90,101,101,144,144,96,96,104,116,87,90,96,96,96,96
"365",115,121,167,167,95,117,202,202,93,93,129,129,163,167,193,195,149,149,160,160,104,104,128,132,90,92,95,101,144,144,96,96,104,104,90,90,96,96,96,96
"366",115,115,167,167,85,105,202,202,93,93,129,129,167,167,193,195,149,149,160,160,101,116,132,132,88,90,101,101,144,144,96,96,104,116,87,90,96,96,96,96
"367",115,117,155,167,95,95,202,202,90,90,121,129,163,167,193,195,149,149,152,160,104,104,132,136,90,90,95,95,144,146,96,96,104,108,93,93,96,100,96,96
"368",115,121,167,167,95,117,202,202,93,93,129,129,163,167,193,195,149,149,160,160,104,104,128,132,90,92,95,101,144,144,96,96,104,104,90,90,96,96,96,96
"369",115,115,167,167,85,105,202,202,93,93,129,129,167,167,193,195,149,149,160,160,101,116,132,132,88,90,101,101,144,144,96,96,104,116,87,90,96,96,96,96
"370",115,115,167,167,95,117,202,202,93,93,129,129,161,163,195,195,149,149,152,160,104,104,124,132,90,92,95,101,144,144,96,96,104,108,90,90,96,96,96,96
"371",115,121,167,167,95,117,202,202,93,93,129,129,163,167,193,195,149,149,160,160,104,104,128,132,90,92,95,101,144,144,96,96,104,104,90,90,96,96,96,96
"372",115,121,167,167,95,117,202,202,93,93,129,129,163,167,193,195,149,149,160,160,104,104,128,132,90,92,95,101,144,144,96,96,104,104,90,90,96,96,96,96
"373",115,115,167,167,85,105,202,202,93,93,129,129,167,167,193,195,149,149,160,160,101,116,132,132,88,90,101,101,144,144,96,96,104,116,87,90,96,96,96,96
"374",115,115,167,167,107,117,202,202,90,93,129,129,167,167,193,193,149,149,160,160,104,104,132,136,90,90,95,101,144,144,96,96,104,108,90,90,96,100,96,96
"375",115,115,155,165,85,101,202,202,87,90,129,129,165,167,191,195,149,149,160,160,104,104,132,136,90,90,101,101,144,144,96,96,104,110,87,90,96,100,96,96
"376",115,115,167,167,85,105,202,202,93,93,129,129,167,167,193,195,149,149,160,160,101,116,132,132,88,90,101,101,144,144,96,96,104,116,87,90,96,96,96,96
"377",115,115,155,167,95,101,202,202,93,93,129,129,167,167,195,205,149,149,160,160,104,104,132,132,90,92,95,95,144,144,96,96,108,112,90,90,100,100,96,98
"378",115,117,155,167,95,95,202,202,90,90,121,129,163,167,193,195,149,149,152,160,104,104,132,136,90,90,95,95,144,146,96,96,104,108,93,93,96,100,96,96
"379",115,115,167,167,89,95,202,202,93,96,129,129,163,167,195,197,149,149,152,160,104,113,140,148,90,90,101,101,144,144,96,96,104,114,90,90,96,100,96,96
"380",115,115,165,167,97,101,202,202,93,93,121,129,163,167,193,195,149,149,160,160,104,104,132,136,90,90,101,101,144,144,96,96,104,114,87,90,96,96,96,96
"381",115,115,165,169,99,107,202,202,93,93,127,129,163,167,195,195,149,149,160,160,104,104,136,136,90,90,95,101,142,144,90,96,108,114,87,87,100,100,96,96
"382",115,117,155,167,89,101,202,202,93,93,121,129,167,171,195,195,149,149,160,162,95,104,132,136,90,92,95,95,144,144,90,96,108,114,87,90,100,100,96,96
"383",115,115,165,167,97,101,202,202,90,93,129,129,167,167,195,195,149,149,152,160,104,104,132,132,90,90,95,95,144,144,94,96,106,108,90,90,100,104,96,96
"384",115,115,167,167,95,95,202,202,93,93,121,129,167,167,193,195,149,149,152,160,104,104,128,136,90,90,95,101,144,144,96,96,106,114,90,93,96,100,96,96
"385",115,117,155,167,89,101,202,202,93,93,121,129,167,171,195,195,149,149,160,162,95,104,132,136,90,92,95,95,144,144,90,96,108,114,87,90,100,100,96,96
"386",115,115,167,167,95,111,202,202,93,102,129,129,167,167,193,193,149,149,160,160,104,104,132,136,90,92,95,101,144,144,98,98,106,108,93,102,96,96,96,96
"387",115,115,167,167,95,95,202,202,93,93,121,129,167,167,193,195,149,149,152,160,104,104,128,136,90,90,95,101,144,144,96,96,106,114,90,93,96,100,96,96
"388",115,115,167,169,97,103,202,202,93,93,129,129,165,167,193,195,149,149,160,160,104,104,136,140,90,90,98,101,144,144,96,96,108,110,96,96,92,104,96,96
"389",115,115,155,167,97,99,202,202,93,96,129,129,167,167,195,195,149,149,160,160,104,104,132,136,90,90,95,95,144,144,96,96,104,108,90,93,96,96,96,96
"390",115,115,165,167,99,103,202,202,93,93,129,129,167,167,193,195,149,149,160,160,104,113,132,144,90,90,95,101,144,154,90,96,104,114,90,90,96,100,96,96
"391",115,115,155,167,95,95,202,202,90,93,121,129,163,167,193,195,149,149,152,160,104,104,136,140,90,92,95,101,144,144,90,96,104,108,90,90,96,100,96,96
"392",111,115,155,165,85,95,202,202,96,102,129,129,165,167,195,195,149,149,160,160,104,104,132,136,90,92,95,101,144,144,96,96,108,114,90,90,96,104,96,96
"393",115,115,155,167,85,95,202,202,90,93,121,129,163,167,189,195,149,149,160,160,104,104,136,140,90,92,95,101,144,144,90,96,104,108,90,90,96,100,96,96
"394",115,115,167,167,95,95,202,202,93,93,121,129,167,167,193,195,149,149,152,160,104,104,128,136,90,90,95,101,144,144,96,96,106,114,90,93,96,100,96,96
"395",115,115,167,169,97,103,202,202,93,93,129,129,165,167,193,195,149,149,160,160,104,104,136,140,90,90,98,101,144,144,96,96,108,110,96,96,90,104,96,96
"396",115,121,165,167,103,105,202,202,93,96,129,129,167,167,191,195,149,149,160,160,104,113,128,132,90,92,95,101,144,144,90,96,110,110,87,90,96,100,96,96
"397",115,115,155,169,85,85,202,202,93,93,129,129,163,167,191,195,149,149,160,160,104,104,136,136,90,90,95,95,144,144,90,96,104,114,90,93,96,100,96,96
"398",115,115,165,167,97,111,202,202,93,93,129,129,167,167,193,195,149,149,160,160,104,104,132,144,90,90,101,101,144,144,96,96,104,106,90,93,96,96,96,96
"399",115,115,155,169,95,99,202,202,90,93,129,129,167,167,191,195,149,149,160,160,104,104,128,136,90,90,95,95,144,144,96,96,104,104,84,84,96,96,96,96
"400",115,115,155,165,85,95,202,202,90,93,129,129,165,169,193,193,149,149,152,160,104,104,128,132,90,90,95,95,144,144,90,96,114,116,90,90,98,102,96,96
"401",115,119,155,167,97,101,202,202,90,93,129,129,167,167,193,193,141,149,160,160,104,104,132,144,88,90,95,101,144,146,96,96,114,116,84,90,96,96,96,96
"402",115,115,155,163,83,95,202,202,90,93,129,129,167,167,189,193,141,149,160,160,104,104,132,136,90,90,101,101,144,144,90,96,108,108,90,93,96,96,96,96
"403",115,115,155,165,85,95,202,202,90,93,129,129,165,169,193,193,149,149,152,160,104,104,128,132,90,90,95,95,144,144,90,96,114,116,90,90,98,102,96,96
"404",115,115,155,169,95,99,202,202,90,93,129,129,167,167,191,195,149,149,160,160,104,104,128,136,90,90,95,95,144,144,96,96,104,104,84,84,96,100,96,96
"405",115,115,155,165,85,95,202,202,90,93,129,129,165,169,193,193,149,149,152,160,104,104,128,132,90,90,95,95,144,144,90,96,102,114,90,90,98,102,96,96
"406",115,115,155,169,97,109,202,202,93,93,129,129,167,167,191,195,149,149,160,160,104,104,136,136,90,92,95,101,144,148,96,96,102,104,90,93,96,100,96,96
"407",115,119,155,167,97,101,202,202,90,93,129,129,167,167,193,193,141,149,160,160,104,104,132,144,88,90,95,101,144,146,90,96,114,116,84,90,96,96,96,96
"408",115,115,155,165,85,95,202,202,90,93,129,129,165,169,193,193,149,149,152,160,104,104,128,132,90,90,95,95,144,144,90,96,114,116,90,90,98,102,96,96
"409",111,111,155,167,99,101,202,202,87,90,129,129,165,167,195,195,149,149,160,160,104,104,128,132,90,90,95,98,144,144,90,96,110,116,90,90,96,100,96,96
"410",111,115,167,167,101,103,202,202,87,87,129,129,167,167,195,195,149,149,160,160,104,104,132,140,90,90,95,98,144,144,90,96,104,110,90,90,96,100,96,96
"411",115,119,155,167,97,101,202,202,90,93,129,129,167,167,193,193,141,149,160,160,104,104,132,144,88,90,95,101,144,146,96,96,114,116,84,90,96,96,96,96
"412",115,119,155,167,97,101,202,202,90,93,129,129,167,167,193,193,141,149,160,160,104,104,132,144,88,90,95,101,144,146,96,96,114,116,84,90,96,96,96,96
"413",115,119,155,167,97,101,202,202,90,93,129,129,167,167,193,193,141,149,160,160,104,104,132,144,88,90,95,101,144,146,96,96,114,116,84,90,96,96,96,96
"414",115,119,155,167,97,101,202,202,90,93,129,129,167,167,193,193,141,149,160,160,104,104,132,144,88,90,95,101,144,146,96,96,114,116,84,90,96,96,96,96
"415",111,111,155,167,101,103,202,202,90,93,129,129,167,167,195,195,149,149,160,160,104,104,132,132,88,90,101,101,144,144,90,96,102,104,84,90,90,90,96,96
"416",115,115,155,167,87,97,202,202,84,93,129,129,167,167,193,195,149,149,160,160,104,104,136,136,88,90,95,95,144,144,90,96,108,116,90,93,96,96,96,96
"417",115,115,155,169,95,99,202,202,90,93,129,129,167,167,191,195,149,149,160,160,104,104,128,136,90,90,95,95,144,144,96,96,104,104,84,84,96,100,96,96
"418",113,115,155,169,95,107,202,202,84,90,129,129,167,167,191,195,149,149,152,160,104,104,128,128,90,92,95,95,144,146,96,96,104,114,84,93,96,100,96,96
"419",109,115,167,169,97,97,202,202,90,90,129,129,167,167,191,191,149,149,160,160,104,110,136,136,90,90,95,95,142,144,90,90,102,104,90,93,96,102,96,96
"420",115,115,155,169,95,99,202,202,90,93,129,129,167,167,191,195,149,149,160,160,104,104,128,136,90,90,95,95,144,144,96,96,104,104,84,84,96,96,96,96
"421",113,115,155,169,99,105,202,202,90,93,129,129,167,167,193,193,149,149,160,160,101,104,136,136,90,90,95,98,142,144,96,96,104,104,84,90,96,100,96,96
"422",115,115,155,169,95,99,202,202,90,93,129,129,167,167,193,193,149,149,160,160,104,104,128,136,90,90,95,95,144,144,96,96,104,104,84,84,96,100,96,96
"423",111,115,155,167,85,107,202,202,90,90,129,129,167,167,193,193,149,149,156,160,101,110,140,152,90,90,101,101,144,144,96,96,104,114,90,90,96,104,96,96
"424",113,113,167,169,97,99,202,202,90,93,129,129,167,167,193,195,149,149,152,160,104,104,136,140,90,90,95,95,144,146,96,98,114,116,90,90,98,100,96,96
"425",115,115,155,169,95,99,202,202,90,93,129,129,167,167,191,195,149,149,160,160,104,104,128,136,90,90,95,95,144,144,96,96,104,104,84,84,96,100,96,96
"426",115,115,155,169,95,99,202,202,90,93,129,129,167,167,191,195,149,149,160,160,104,104,128,136,90,90,95,95,144,144,96,96,104,104,84,84,96,100,96,96
"427",115,115,155,169,95,99,202,202,90,93,129,129,167,167,191,195,149,149,160,160,104,104,128,136,90,90,95,95,144,144,96,96,104,104,84,84,96,100,96,96
"428",115,115,155,169,95,99,202,202,90,93,129,129,167,167,191,195,149,149,160,160,104,104,128,136,90,90,95,95,144,144,96,96,104,104,84,84,96,100,96,96
"429",115,115,155,169,95,99,202,202,90,93,129,129,167,167,191,195,149,149,160,160,104,104,128,136,90,90,95,95,144,144,96,96,104,104,84,84,96,100,96,96
"430",113,113,167,169,97,99,202,202,90,93,129,129,167,167,193,195,149,149,152,160,104,104,136,140,90,90,95,95,144,146,96,98,114,116,90,90,98,100,96,96
"431",113,113,167,169,97,99,202,202,90,93,129,129,167,167,193,195,149,149,152,160,104,104,136,140,90,90,95,95,144,146,96,98,114,116,90,90,98,100,96,96
"432",115,115,155,169,95,99,202,202,90,93,129,129,167,167,191,195,149,149,160,160,104,104,128,136,90,90,95,95,144,144,96,96,104,104,84,84,96,100,96,96
"433",115,115,155,169,95,99,202,202,90,93,129,129,167,167,191,195,149,149,160,160,104,104,128,136,90,90,95,95,144,144,96,96,104,104,84,84,96,100,96,96
"434",115,115,155,169,95,99,202,202,90,93,129,129,167,167,191,195,149,149,160,160,104,104,128,136,90,90,95,95,144,144,96,96,104,104,84,84,96,100,96,96
"435",115,115,155,169,95,99,202,202,90,93,129,129,167,167,191,195,149,149,160,160,104,104,128,136,90,90,95,95,144,144,96,96,104,104,84,84,96,100,96,96
"436",109,115,167,169,97,97,202,202,90,90,129,129,167,167,191,191,149,149,160,160,104,110,136,136,90,90,95,95,142,144,90,90,102,104,90,93,96,102,96,96
"437",113,113,167,169,99,99,202,202,90,93,129,129,167,167,193,195,149,149,152,160,104,104,136,140,90,90,95,95,144,146,96,98,114,116,90,90,98,100,96,96
"438",115,115,155,169,95,99,202,202,90,93,129,129,167,167,191,195,149,149,160,160,104,104,128,136,90,90,95,95,144,144,96,96,104,104,84,84,96,100,96,96
